{"maxStyleWords":{"feetHipDistanceMax":1.0339657068252564,"feetHipDistanceMin":1.0171387195587159,"feetHipDistanceMean":1.024169921875,"feetHipDistanceStd":0.1755913496017456,"handsShoulderDistanceMax":0.857894778251648,"handsShoulderDistanceMin":0.8574402928352356,"handsShoulderDistanceMean":0.8574405908584595,"handsShoulderDistanceStd":0.17682623863220216,"handsDistanceMax":1.8046479225158692,"handsDistanceMin":1.80464768409729,"handsDistanceMean":1.804648518562317,"handsDistanceStd":0.6519730091094971,"handsHeadDistanceMax":1.202520728111267,"handsHeadDistanceMin":1.128690481185913,"handsHeadDistanceMean":1.1485010385513306,"handsHeadDistanceStd":0.24075761437416078,"pelvisHeightMax":1.0669127702713013,"pelvisHeightMin":0.9419554471969605,"pelvisHeightMean":0.9574065208435059,"pelvisHeightStd":0.1416344791650772,"hipGroundMinusFeetHipMax":0.5402741432189941,"hipGroundMinusFeetHipMin":0.36263564229011538,"hipGroundMinusFeetHipMean":0.45399904251098635,"hipGroundMinusFeetHipStd":0.12390808016061783,"centroidHeightMax":0.04443776234984398,"centroidHeightMin":0.04297593981027603,"centroidHeightMean":0.043316252529621127,"centroidHeightStd":0.010375871323049069,"centroidPelvisDistanceMax":1.5430723428726197,"centroidPelvisDistanceMin":1.5244643688201905,"centroidPelvisDistanceMean":1.5263477563858033,"centroidPelvisDistanceStd":0.1191658303141594,"gaitSizeMax":1.449093222618103,"gaitSizeMin":1.1529879570007325,"gaitSizeMean":1.1666971445083619,"gaitSizeStd":0.387082040309906,"headOrientationMax":177.23240661621095,"headOrientationMin":160.84999084472657,"headOrientationMean":166.8430938720703,"decelerationPeaksNo":0.0,"hipVelocityMax":5.543015003204346,"hipVelocityMin":0.7471499443054199,"hipVelocityStd":1.3057969808578492,"handsVelocityMax":75.55357360839844,"handsVelocityMin":53.57844543457031,"handsVelocityStd":18.69178009033203,"feetVelocityMax":63.118186950683597,"feetVelocityMin":2.530487537384033,"feetVelocityStd":14.101030349731446,"hipAccelerationMax":334.7602233886719,"hipAccelerationStd":99.37799835205078,"handsAccelerationMax":2060.684326171875,"handsAccelerationStd":893.2166748046875,"feetAccelerationMax":3621.719482421875,"feetAccelerationStd":1128.185302734375,"jerkAccelerationMax":20904.326171875,"jerkAccelerationStd":9214.91796875,"volumeMax":0.3027537167072296,"volumeMin":0.23288211226463319,"volumeMean":0.2328820675611496,"volumeStd":0.1139405220746994,"volumeUpperBodyMax":0.0701264962553978,"volumeUpperBodyMin":0.04343628138303757,"volumeUpperBodyMean":0.06364025920629502,"volumeUpperBodyStd":0.015314869582653046,"volumeLowerBodyMax":0.0,"volumeLowerBodyMin":0.0,"volumeLowerBodyMean":0.0,"volumeLowerBodyStd":0.0,"volumeLeftSideMax":0.11732926964759827,"volumeLeftSideMin":0.053125735372304919,"volumeLeftSideMean":0.07674980163574219,"volumeLeftSideStd":0.03030732460319996,"volumeRightSideMax":0.09903581440448761,"volumeRightSideMin":0.05679842829704285,"volumeRightSideMean":0.06674130260944367,"volumeRightSideStd":0.033144183456897739,"torsoHeightMax":0.9802372455596924,"torsoHeightMin":0.9797153472900391,"torsoHeightMean":0.9797151684761047,"torsoHeightStd":0.0352599136531353,"handsLevelNo1":35.0,"handsLevelNo2":70.0,"handsLevelNo3":70.0,"totalDistanceNo":0.5899930000305176,"totalAreaNo":0.0}}