{"maxStyleWords":{"feetHipDistanceMax":1.033897876739502,"feetHipDistanceMin":1.0147303342819214,"feetHipDistanceMean":1.0204969644546509,"feetHipDistanceStd":0.10141682624816895,"handsShoulderDistanceMax":0.8578947186470032,"handsShoulderDistanceMin":0.8487151861190796,"handsShoulderDistanceMean":0.8529730439186096,"handsShoulderDistanceStd":0.05072491616010666,"handsDistanceMax":1.80464768409729,"handsDistanceMin":1.7686411142349244,"handsDistanceMean":1.784287691116333,"handsDistanceStd":0.41043686866760256,"handsHeadDistanceMax":1.2179756164550782,"handsHeadDistanceMin":0.9615340232849121,"handsHeadDistanceMean":1.1291632652282715,"handsHeadDistanceStd":0.13744498789310456,"pelvisHeightMax":0.9765139818191528,"pelvisHeightMin":0.9372577667236328,"pelvisHeightMean":0.9440961480140686,"pelvisHeightStd":0.15948642790317536,"hipGroundMinusFeetHipMax":0.4203154444694519,"hipGroundMinusFeetHipMin":0.29291173815727236,"hipGroundMinusFeetHipMean":0.3144952952861786,"hipGroundMinusFeetHipStd":0.0977754071354866,"centroidHeightMax":0.044405221939086917,"centroidHeightMin":0.040841445326805118,"centroidHeightMean":0.04292210191488266,"centroidHeightStd":0.010488706640899182,"centroidPelvisDistanceMax":1.2800132036209107,"centroidPelvisDistanceMin":1.218674898147583,"centroidPelvisDistanceMean":1.2578980922698975,"centroidPelvisDistanceStd":0.09361518919467926,"gaitSizeMax":1.3198192119598389,"gaitSizeMin":1.0286709070205689,"gaitSizeMean":1.0607481002807618,"gaitSizeStd":0.4206089973449707,"headOrientationMax":175.6848907470703,"headOrientationMin":134.6683807373047,"headOrientationMean":150.7360076904297,"decelerationPeaksNo":0.0,"hipVelocityMax":Infinity,"hipVelocityMin":0.47504115104675295,"hipVelocityStd":0.9113784432411194,"handsVelocityMax":Infinity,"handsVelocityMin":40.0271110534668,"handsVelocityStd":9.86605167388916,"feetVelocityMax":Infinity,"feetVelocityMin":1.4052362442016602,"feetVelocityStd":1.5135611295700074,"hipAccelerationMax":Infinity,"hipAccelerationStd":48.07417297363281,"handsAccelerationMax":Infinity,"handsAccelerationStd":780.4608154296875,"feetAccelerationMax":Infinity,"feetAccelerationStd":79.34680938720703,"jerkAccelerationMax":Infinity,"jerkAccelerationStd":2903.24658203125,"volumeMax":0.19178681075572968,"volumeMin":0.17081250250339509,"volumeMean":0.18373385071754456,"volumeStd":0.052968353033065799,"volumeUpperBodyMax":0.07012643665075302,"volumeUpperBodyMin":0.04396431893110275,"volumeUpperBodyMean":0.06392517685890198,"volumeUpperBodyStd":0.02657550387084484,"volumeLowerBodyMax":0.0,"volumeLowerBodyMin":0.0,"volumeLowerBodyMean":0.0,"volumeLowerBodyStd":0.0,"volumeLeftSideMax":0.09398691356182099,"volumeLeftSideMin":0.044151149690151218,"volumeLeftSideMean":0.07276057451963425,"volumeLeftSideStd":0.02789682149887085,"volumeRightSideMax":0.08376464247703552,"volumeRightSideMin":0.04984428361058235,"volumeRightSideMean":0.0612797811627388,"volumeRightSideStd":0.022021746262907983,"torsoHeightMax":0.9797153472900391,"torsoHeightMin":0.9718829989433289,"torsoHeightMean":0.9744011759757996,"torsoHeightStd":0.020404042676091195,"handsLevelNo1":35.0,"handsLevelNo2":70.0,"handsLevelNo3":35.0,"totalDistanceNo":1.103858470916748,"totalAreaNo":0.0},"Users":[{"photoName":"userPhoto4","name":"Andreas Andreou","email":"andandreou.cs@gmail.com","dateOfBirth":"10/06/1991","sex":0,"expirience":0,"country":"Cyprus"}]}