{"maxStyleWords":{"feetHipDistanceMax":1.0339500904083253,"feetHipDistanceMin":1.0158823728561402,"feetHipDistanceMean":1.0229982137680054,"feetHipDistanceStd":0.10141682624816895,"handsShoulderDistanceMax":0.8632347583770752,"handsShoulderDistanceMin":0.8620895147323608,"handsShoulderDistanceMean":0.8624032735824585,"handsShoulderDistanceStd":0.14324739575386048,"handsDistanceMax":1.8169894218444825,"handsDistanceMin":1.8143070936203004,"handsDistanceMean":1.8152103424072266,"handsDistanceStd":0.5767624378204346,"handsHeadDistanceMax":1.2304654121398926,"handsHeadDistanceMin":1.077681303024292,"handsHeadDistanceMean":1.177359938621521,"handsHeadDistanceStd":0.16075706481933595,"pelvisHeightMax":0.9765468835830689,"pelvisHeightMin":0.9414693117141724,"pelvisHeightMean":0.9464249610900879,"pelvisHeightStd":0.15948642790317536,"hipGroundMinusFeetHipMax":0.4203983247280121,"hipGroundMinusFeetHipMin":0.296097993850708,"hipGroundMinusFeetHipMean":0.3291252553462982,"hipGroundMinusFeetHipStd":0.10049449652433396,"centroidHeightMax":0.04443967342376709,"centroidHeightMin":0.04296529293060303,"centroidHeightMean":0.04333019629120827,"centroidHeightStd":0.010843250900506974,"centroidPelvisDistanceMax":1.2800363302230836,"centroidPelvisDistanceMin":1.2394908666610718,"centroidPelvisDistanceMean":1.266761064529419,"centroidPelvisDistanceStd":0.10390004515647888,"gaitSizeMax":1.3200504779815674,"gaitSizeMin":1.0287575721740723,"gaitSizeMean":1.115976095199585,"gaitSizeStd":0.43704283237457278,"headOrientationMax":179.09756469726563,"headOrientationMin":140.6414031982422,"headOrientationMean":153.48324584960938,"decelerationPeaksNo":0.0,"hipVelocityMax":Infinity,"hipVelocityMin":0.7098705768585205,"hipVelocityStd":1.0332871675491334,"handsVelocityMax":Infinity,"handsVelocityMin":48.952701568603519,"handsVelocityStd":15.683801651000977,"feetVelocityMax":Infinity,"feetVelocityMin":1.6269608736038209,"feetVelocityStd":1.687687635421753,"hipAccelerationMax":Infinity,"hipAccelerationStd":54.94868850708008,"handsAccelerationMax":Infinity,"handsAccelerationStd":966.7413940429688,"feetAccelerationMax":Infinity,"feetAccelerationStd":89.18867492675781,"jerkAccelerationMax":Infinity,"jerkAccelerationStd":3382.794921875,"volumeMax":0.1917877346277237,"volumeMin":0.17731541395187379,"volumeMean":0.1844291090965271,"volumeStd":0.06769615411758423,"volumeUpperBodyMax":0.07012659311294556,"volumeUpperBodyMin":0.04396431893110275,"volumeUpperBodyMean":0.06392517685890198,"volumeUpperBodyStd":0.02657550387084484,"volumeLowerBodyMax":0.0,"volumeLowerBodyMin":0.0,"volumeLowerBodyMean":0.0,"volumeLowerBodyStd":0.0,"volumeLeftSideMax":0.09398691356182099,"volumeLeftSideMin":0.04656324163079262,"volumeLeftSideMean":0.07642990350723267,"volumeLeftSideStd":0.029395481571555139,"volumeRightSideMax":0.08376705646514893,"volumeRightSideMin":0.051771361380815509,"volumeRightSideMean":0.06263688951730728,"volumeRightSideStd":0.02860444411635399,"torsoHeightMax":0.9804219007492065,"torsoHeightMin":0.980262041091919,"torsoHeightMean":0.9803184270858765,"torsoHeightStd":0.024114474654197694,"handsLevelNo1":35.0,"handsLevelNo2":70.0,"handsLevelNo3":69.0,"totalDistanceNo":1.103858470916748,"totalAreaNo":0.0},"Users":[{"photoName":"userPhoto4","name":"Andreas Andreou","email":"andandreou.cs@gmail.com","dateOfBirth":"10/06/1991","sex":0,"expirience":0,"country":"Cyprus"}]}