{"maxStyleWords":{"feetHipDistanceMax":1.0339657068252564,"feetHipDistanceMin":1.0171387195587159,"feetHipDistanceMean":1.024169921875,"feetHipDistanceStd":0.1755913496017456,"handsShoulderDistanceMax":0.8598242402076721,"handsShoulderDistanceMin":0.8578947186470032,"handsShoulderDistanceMean":0.8578948378562927,"handsShoulderDistanceStd":0.2929092347621918,"handsDistanceMax":1.804648518562317,"handsDistanceMin":1.804648518562317,"handsDistanceMean":1.8046491146087647,"handsDistanceStd":0.6972465515136719,"handsHeadDistanceMax":1.202520728111267,"handsHeadDistanceMin":1.128690481185913,"handsHeadDistanceMean":1.1485010385513306,"handsHeadDistanceStd":0.33619871735572817,"pelvisHeightMax":1.1515477895736695,"pelvisHeightMin":0.9875622987747192,"pelvisHeightMean":1.0358905792236329,"pelvisHeightStd":0.49778714776039126,"hipGroundMinusFeetHipMax":0.5402741432189941,"hipGroundMinusFeetHipMin":0.36518925428390505,"hipGroundMinusFeetHipMean":0.45399904251098635,"hipGroundMinusFeetHipStd":0.5005980134010315,"centroidHeightMax":0.04975420981645584,"centroidHeightMin":0.046408914029598239,"centroidHeightMean":0.04689757153391838,"centroidHeightStd":0.01218139473348856,"centroidPelvisDistanceMax":1.6888705492019654,"centroidPelvisDistanceMin":1.676339030265808,"centroidPelvisDistanceMean":1.6763384342193604,"centroidPelvisDistanceStd":0.2684144377708435,"gaitSizeMax":1.8830492496490479,"gaitSizeMin":1.797844648361206,"gaitSizeMean":1.7978441715240479,"gaitSizeStd":0.6413886547088623,"headOrientationMax":179.01841735839845,"headOrientationMin":160.84999084472657,"headOrientationMean":166.8430938720703,"decelerationPeaksNo":0.0,"hipVelocityMax":10.755934715270996,"hipVelocityMin":0.7471499443054199,"hipVelocityStd":2.500789165496826,"handsVelocityMax":1917.2342529296875,"handsVelocityMin":53.58395767211914,"handsVelocityStd":310.4977722167969,"feetVelocityMax":74.43840026855469,"feetVelocityMin":2.536322593688965,"feetVelocityStd":14.101030349731446,"hipAccelerationMax":379.6007080078125,"hipAccelerationStd":184.36705017089845,"handsAccelerationMax":111131.3203125,"handsAccelerationStd":665169.8125,"feetAccelerationMax":4494.1455078125,"feetAccelerationStd":2267.791259765625,"jerkAccelerationMax":1694597.75,"jerkAccelerationStd":282489.5625,"volumeMax":0.3990674614906311,"volumeMin":0.23288211226463319,"volumeMean":0.36633798480033877,"volumeStd":0.1357279121875763,"volumeUpperBodyMax":0.10310108959674835,"volumeUpperBodyMin":0.055458132177591327,"volumeUpperBodyMean":0.09770401567220688,"volumeUpperBodyStd":0.03221729025244713,"volumeLowerBodyMax":0.0,"volumeLowerBodyMin":0.0,"volumeLowerBodyMean":0.0,"volumeLowerBodyStd":0.0,"volumeLeftSideMax":0.18281911313533784,"volumeLeftSideMin":0.12331964820623398,"volumeLeftSideMean":0.12331964075565338,"volumeLeftSideStd":0.06304866075515747,"volumeRightSideMax":0.171861469745636,"volumeRightSideMin":0.12493392080068588,"volumeRightSideMean":0.12493392080068588,"volumeRightSideStd":0.04450063034892082,"torsoHeightMax":0.9807149767875671,"torsoHeightMin":0.980015218257904,"torsoHeightMean":0.9801492691040039,"torsoHeightStd":0.04992298781871796,"handsLevelNo1":35.0,"handsLevelNo2":70.0,"handsLevelNo3":70.0,"totalDistanceNo":5.32119083404541,"totalAreaNo":0.0}}