{"maxStyleWords":{"feetHipDistanceMax":1.0339657068252564,"feetHipDistanceMin":1.0171387195587159,"feetHipDistanceMean":1.024169921875,"feetHipDistanceStd":0.18045896291732789,"handsShoulderDistanceMax":0.8618481159210205,"handsShoulderDistanceMin":0.8588211536407471,"handsShoulderDistanceMean":0.858880877494812,"handsShoulderDistanceStd":0.2929092347621918,"handsDistanceMax":1.8118289709091187,"handsDistanceMin":1.804648518562317,"handsDistanceMean":1.8046491146087647,"handsDistanceStd":0.808738112449646,"handsHeadDistanceMax":1.2374687194824219,"handsHeadDistanceMin":1.128690481185913,"handsHeadDistanceMean":1.1485010385513306,"handsHeadDistanceStd":0.33619871735572817,"pelvisHeightMax":1.1515477895736695,"pelvisHeightMin":0.9875622987747192,"pelvisHeightMean":1.0358905792236329,"pelvisHeightStd":0.49778714776039126,"hipGroundMinusFeetHipMax":0.5402741432189941,"hipGroundMinusFeetHipMin":0.36518925428390505,"hipGroundMinusFeetHipMean":0.45399904251098635,"hipGroundMinusFeetHipStd":0.5005980134010315,"centroidHeightMax":0.04975420981645584,"centroidHeightMin":0.046408914029598239,"centroidHeightMean":0.04689757153391838,"centroidHeightStd":0.01218139473348856,"centroidPelvisDistanceMax":1.7310137748718262,"centroidPelvisDistanceMin":1.7310137748718262,"centroidPelvisDistanceMean":1.7310141324996949,"centroidPelvisDistanceStd":0.2684144377708435,"gaitSizeMax":1.8830492496490479,"gaitSizeMin":1.797844648361206,"gaitSizeMean":1.7978441715240479,"gaitSizeStd":0.6413886547088623,"headOrientationMax":179.01841735839845,"headOrientationMin":167.06948852539063,"headOrientationMean":175.2713165283203,"decelerationPeaksNo":0.0,"hipVelocityMax":12.919706344604493,"hipVelocityMin":0.7471499443054199,"hipVelocityStd":2.9503350257873537,"handsVelocityMax":1917.2342529296875,"handsVelocityMin":53.58395767211914,"handsVelocityStd":310.4977722167969,"feetVelocityMax":74.43840026855469,"feetVelocityMin":2.536322593688965,"feetVelocityStd":14.101030349731446,"hipAccelerationMax":495.7480773925781,"hipAccelerationStd":184.36705017089845,"handsAccelerationMax":111131.3203125,"handsAccelerationStd":665169.8125,"feetAccelerationMax":4494.1455078125,"feetAccelerationStd":2267.791259765625,"jerkAccelerationMax":1694597.75,"jerkAccelerationStd":282489.5625,"volumeMax":0.4986172020435333,"volumeMin":0.29369574785232546,"volumeMean":0.36633798480033877,"volumeStd":0.1357279121875763,"volumeUpperBodyMax":0.11710291355848313,"volumeUpperBodyMin":0.058310121297836307,"volumeUpperBodyMean":0.09770401567220688,"volumeUpperBodyStd":0.03387457877397537,"volumeLowerBodyMax":0.0,"volumeLowerBodyMin":0.0,"volumeLowerBodyMean":0.0,"volumeLowerBodyStd":0.0,"volumeLeftSideMax":0.202884703874588,"volumeLeftSideMin":0.12806683778762818,"volumeLeftSideMean":0.17089727520942689,"volumeLeftSideStd":0.07363737374544144,"volumeRightSideMax":0.1943603754043579,"volumeRightSideMin":0.13031193614006043,"volumeRightSideMean":0.14870108664035798,"volumeRightSideStd":0.05955281853675842,"torsoHeightMax":0.9808835387229919,"torsoHeightMin":0.98005610704422,"torsoHeightMean":0.9801492691040039,"torsoHeightStd":0.04992298781871796,"handsLevelNo1":70.0,"handsLevelNo2":70.0,"handsLevelNo3":70.0,"totalDistanceNo":5.32119083404541,"totalAreaNo":0.0}}