{"maxStyleWords":{"feetHipDistanceMax":1.0339657068252564,"feetHipDistanceMin":1.0171387195587159,"feetHipDistanceMean":1.0232335329055787,"feetHipDistanceStd":0.09151830524206162,"handsShoulderDistanceMax":0.857894778251648,"handsShoulderDistanceMin":0.851303219795227,"handsShoulderDistanceMean":0.8537641763687134,"handsShoulderDistanceStd":0.04466689005494118,"handsDistanceMax":1.7953031063079835,"handsDistanceMin":1.780061960220337,"handsDistanceMean":1.7884875535964966,"handsDistanceStd":0.33976951241493227,"handsHeadDistanceMax":1.202520728111267,"handsHeadDistanceMin":0.9376773834228516,"handsHeadDistanceMean":1.0419403314590455,"handsHeadDistanceStd":0.1362040936946869,"pelvisHeightMax":0.976528525352478,"pelvisHeightMin":0.9419554471969605,"pelvisHeightMean":0.9546205997467041,"pelvisHeightStd":0.1416344791650772,"hipGroundMinusFeetHipMax":0.42040035128593447,"hipGroundMinusFeetHipMin":0.3002297580242157,"hipGroundMinusFeetHipMean":0.3415870666503906,"hipGroundMinusFeetHipStd":0.08441191166639328,"centroidHeightMax":0.04443776234984398,"centroidHeightMin":0.04297593981027603,"centroidHeightMean":0.043316252529621127,"centroidHeightStd":0.008517253212630749,"centroidPelvisDistanceMax":1.2800360918045045,"centroidPelvisDistanceMin":1.242136001586914,"centroidPelvisDistanceMean":1.270538091659546,"centroidPelvisDistanceStd":0.07506337016820908,"gaitSizeMax":1.3200517892837525,"gaitSizeMin":1.0325078964233399,"gaitSizeMean":1.154066562652588,"gaitSizeStd":0.29831889271736147,"headOrientationMax":176.59976196289063,"headOrientationMin":156.21417236328126,"headOrientationMean":166.8430938720703,"decelerationPeaksNo":0.0,"hipVelocityMax":2.7420363426208498,"hipVelocityMin":0.6058201193809509,"hipVelocityStd":0.44533801078796389,"handsVelocityMax":59.897193908691409,"handsVelocityMin":52.303672790527347,"handsVelocityStd":10.124015808105469,"feetVelocityMax":5.990882873535156,"feetVelocityMin":2.530487537384033,"feetVelocityStd":1.4382166862487794,"hipAccelerationMax":137.10182189941407,"hipAccelerationStd":23.12372589111328,"handsAccelerationMax":950.0597534179688,"handsAccelerationStd":819.6079711914063,"feetAccelerationMax":247.96530151367188,"feetAccelerationStd":79.54158782958985,"jerkAccelerationMax":4257.455078125,"jerkAccelerationStd":1280.3240966796875,"volumeMax":0.19178766012191773,"volumeMin":0.17657607793807984,"volumeMean":0.18520739674568177,"volumeStd":0.06881080567836762,"volumeUpperBodyMax":0.0701264962553978,"volumeUpperBodyMin":0.04343628138303757,"volumeUpperBodyMean":0.0630885660648346,"volumeUpperBodyStd":0.015314869582653046,"volumeLowerBodyMax":0.0,"volumeLowerBodyMin":0.0,"volumeLowerBodyMean":0.0,"volumeLowerBodyStd":0.0,"volumeLeftSideMax":0.09397158771753311,"volumeLeftSideMin":0.047523729503154758,"volumeLeftSideMean":0.07210929691791535,"volumeLeftSideStd":0.02636617049574852,"volumeRightSideMax":0.08372898399829865,"volumeRightSideMin":0.05679842829704285,"volumeRightSideMean":0.06386488676071167,"volumeRightSideStd":0.024082206189632417,"torsoHeightMax":0.9797153472900391,"torsoHeightMin":0.9743369817733765,"torsoHeightMean":0.9750418663024902,"torsoHeightStd":0.020688017830252649,"handsLevelNo1":35.0,"handsLevelNo2":70.0,"handsLevelNo3":35.0,"totalDistanceNo":0.5205104351043701,"totalAreaNo":0.0}}