{"maxStyleWords":{"feetHipDistanceMax":1.0147993564605713,"feetHipDistanceMin":0.9558506011962891,"feetHipDistanceMean":0.9776937365531921,"feetHipDistanceStd":0.021605852991342546,"handsShoulderDistanceMax":0.8578947186470032,"handsShoulderDistanceMin":0.8313635587692261,"handsShoulderDistanceMean":0.8422017097473145,"handsShoulderDistanceStd":0.033474475145339969,"handsDistanceMax":1.80464768409729,"handsDistanceMin":1.560611605644226,"handsDistanceMean":1.6348475217819214,"handsDistanceStd":0.41043686866760256,"handsHeadDistanceMax":1.2179756164550782,"handsHeadDistanceMin":0.9615340232849121,"handsHeadDistanceMean":1.1291632652282715,"handsHeadDistanceStd":0.10307495296001435,"pelvisHeightMax":0.9181415438652039,"pelvisHeightMin":0.9125046730041504,"pelvisHeightMean":0.9144934415817261,"pelvisHeightStd":0.016039734706282617,"hipGroundMinusFeetHipMax":0.2953977584838867,"hipGroundMinusFeetHipMin":0.2899879217147827,"hipGroundMinusFeetHipMean":0.29346415400505068,"hipGroundMinusFeetHipStd":0.026226285845041276,"centroidHeightMax":0.039910633116960528,"centroidHeightMin":0.03773362189531326,"centroidHeightMean":0.039352599531412128,"centroidHeightStd":0.004806849639862776,"centroidPelvisDistanceMax":1.1892904043197632,"centroidPelvisDistanceMin":0.9518939256668091,"centroidPelvisDistanceMean":0.991779088973999,"centroidPelvisDistanceStd":0.09361518919467926,"gaitSizeMax":0.9332355856895447,"gaitSizeMin":0.6020727753639221,"gaitSizeMean":0.719255268573761,"gaitSizeStd":0.21866865456104279,"headOrientationMax":162.13809204101563,"headOrientationMin":45.652286529541019,"headOrientationMean":114.18325805664063,"decelerationPeaksNo":0.0,"hipVelocityMax":Infinity,"hipVelocityMin":0.3412723243236542,"hipVelocityStd":0.2815214991569519,"handsVelocityMax":Infinity,"handsVelocityMin":39.88944625854492,"handsVelocityStd":6.8879241943359379,"feetVelocityMax":Infinity,"feetVelocityMin":0.15423110127449037,"feetVelocityStd":0.46329841017723086,"hipAccelerationMax":Infinity,"hipAccelerationStd":13.134072303771973,"handsAccelerationMax":Infinity,"handsAccelerationStd":732.25390625,"feetAccelerationMax":Infinity,"feetAccelerationStd":17.208873748779298,"jerkAccelerationMax":Infinity,"jerkAccelerationStd":979.8295288085938,"volumeMax":0.09975877404212952,"volumeMin":0.05965946987271309,"volumeMean":0.06507697701454163,"volumeStd":0.02195710502564907,"volumeUpperBodyMax":0.07012555003166199,"volumeUpperBodyMin":0.03619786724448204,"volumeUpperBodyMean":0.06361201405525208,"volumeUpperBodyStd":0.02657550387084484,"volumeLowerBodyMax":0.0,"volumeLowerBodyMin":0.0,"volumeLowerBodyMean":0.0,"volumeLowerBodyStd":0.0,"volumeLeftSideMax":0.050220925360918048,"volumeLeftSideMin":0.0149002056568861,"volumeLeftSideMean":0.03723813593387604,"volumeLeftSideStd":0.007619332056492567,"volumeRightSideMax":0.04142473638057709,"volumeRightSideMin":0.015583926811814309,"volumeRightSideMean":0.018305735662579538,"volumeRightSideStd":0.01095960009843111,"torsoHeightMax":0.9797153472900391,"torsoHeightMin":0.9607778191566467,"torsoHeightMean":0.9672463536262512,"torsoHeightStd":0.020404042676091195,"handsLevelNo1":0.0,"handsLevelNo2":70.0,"handsLevelNo3":17.0,"totalDistanceNo":1.103858470916748,"totalAreaNo":0.0},"Users":[{"photoName":"userPhoto4","name":"Andreas Andreou","email":"andandreou.cs@gmail.com","dateOfBirth":"10/06/1991","sex":0,"expirience":0,"country":"Cyprus"}]}