{"maxStyleWords":{"feetHipDistanceMax":1.033897876739502,"feetHipDistanceMin":1.0147303342819214,"feetHipDistanceMean":1.0229982137680054,"feetHipDistanceStd":0.10141682624816895,"handsShoulderDistanceMax":0.8578947186470032,"handsShoulderDistanceMin":0.8487637639045715,"handsShoulderDistanceMean":0.8529730439186096,"handsShoulderDistanceStd":0.05072491616010666,"handsDistanceMax":1.80464768409729,"handsDistanceMin":1.7701220512390137,"handsDistanceMean":1.7851903438568116,"handsDistanceStd":0.41043686866760256,"handsHeadDistanceMax":1.2179756164550782,"handsHeadDistanceMin":0.9615340232849121,"handsHeadDistanceMean":1.1291632652282715,"handsHeadDistanceStd":0.14225785434246064,"pelvisHeightMax":0.9765433669090271,"pelvisHeightMin":0.9414693117141724,"pelvisHeightMean":0.9463942646980286,"pelvisHeightStd":0.15948642790317536,"hipGroundMinusFeetHipMax":0.42039644718170168,"hipGroundMinusFeetHipMin":0.29291173815727236,"hipGroundMinusFeetHipMean":0.3280355930328369,"hipGroundMinusFeetHipStd":0.0977754071354866,"centroidHeightMax":0.04443967342376709,"centroidHeightMin":0.04296529293060303,"centroidHeightMean":0.04333019629120827,"centroidHeightStd":0.010488706640899182,"centroidPelvisDistanceMax":1.2800132036209107,"centroidPelvisDistanceMin":1.218674898147583,"centroidPelvisDistanceMean":1.2578980922698975,"centroidPelvisDistanceStd":0.10390004515647888,"gaitSizeMax":1.3200504779815674,"gaitSizeMin":1.0287073850631714,"gaitSizeMean":1.1132895946502686,"gaitSizeStd":0.4206089973449707,"headOrientationMax":179.09756469726563,"headOrientationMin":135.89370727539063,"headOrientationMean":150.7360076904297,"decelerationPeaksNo":0.0,"hipVelocityMax":Infinity,"hipVelocityMin":0.5077564120292664,"hipVelocityStd":1.0332871675491334,"handsVelocityMax":Infinity,"handsVelocityMin":40.0271110534668,"handsVelocityStd":10.580726623535157,"feetVelocityMax":Infinity,"feetVelocityMin":1.4052362442016602,"feetVelocityStd":1.687687635421753,"hipAccelerationMax":Infinity,"hipAccelerationStd":54.94868850708008,"handsAccelerationMax":Infinity,"handsAccelerationStd":819.7540283203125,"feetAccelerationMax":Infinity,"feetAccelerationStd":89.18867492675781,"jerkAccelerationMax":Infinity,"jerkAccelerationStd":3382.794921875,"volumeMax":0.19178758561611176,"volumeMin":0.17728666961193086,"volumeMean":0.1841648519039154,"volumeStd":0.06468356400728226,"volumeUpperBodyMax":0.07012659311294556,"volumeUpperBodyMin":0.04396431893110275,"volumeUpperBodyMean":0.06392517685890198,"volumeUpperBodyStd":0.02657550387084484,"volumeLowerBodyMax":0.0,"volumeLowerBodyMin":0.0,"volumeLowerBodyMean":0.0,"volumeLowerBodyStd":0.0,"volumeLeftSideMax":0.09398691356182099,"volumeLeftSideMin":0.04656324163079262,"volumeLeftSideMean":0.07642990350723267,"volumeLeftSideStd":0.029395481571555139,"volumeRightSideMax":0.0837651714682579,"volumeRightSideMin":0.051771361380815509,"volumeRightSideMean":0.06175937503576279,"volumeRightSideStd":0.028367387130856515,"torsoHeightMax":0.9797153472900391,"torsoHeightMin":0.9735137224197388,"torsoHeightMean":0.9745367765426636,"torsoHeightStd":0.022674478590488435,"handsLevelNo1":35.0,"handsLevelNo2":70.0,"handsLevelNo3":35.0,"totalDistanceNo":1.103858470916748,"totalAreaNo":0.0},"Users":[{"photoName":"userPhoto4","name":"Andreas Andreou","email":"andandreou.cs@gmail.com","dateOfBirth":"10/06/1991","sex":0,"expirience":0,"country":"Cyprus"}]}