{"maxStyleWords":{"feetHipDistanceMax":1.0339500904083253,"feetHipDistanceMin":1.0158823728561402,"feetHipDistanceMean":1.0229982137680054,"feetHipDistanceStd":0.10141682624816895,"handsShoulderDistanceMax":0.8632347583770752,"handsShoulderDistanceMin":0.8620895147323608,"handsShoulderDistanceMean":0.8624032735824585,"handsShoulderDistanceStd":0.14324739575386048,"handsDistanceMax":1.8169894218444825,"handsDistanceMin":1.8143070936203004,"handsDistanceMean":1.8152103424072266,"handsDistanceStd":0.5767624378204346,"handsHeadDistanceMax":1.2304654121398926,"handsHeadDistanceMin":1.077681303024292,"handsHeadDistanceMean":1.177359938621521,"handsHeadDistanceStd":0.16075706481933595,"pelvisHeightMax":0.9765468835830689,"pelvisHeightMin":0.9414693117141724,"pelvisHeightMean":0.9464249610900879,"pelvisHeightStd":0.15948642790317536,"hipGroundMinusFeetHipMax":0.42039984464645388,"hipGroundMinusFeetHipMin":0.296097993850708,"hipGroundMinusFeetHipMean":0.3291252553462982,"hipGroundMinusFeetHipStd":0.10049449652433396,"centroidHeightMax":0.04443984478712082,"centroidHeightMin":0.04296529293060303,"centroidHeightMean":0.04333019629120827,"centroidHeightStd":0.010910943150520325,"centroidPelvisDistanceMax":1.2800363302230836,"centroidPelvisDistanceMin":1.2394908666610718,"centroidPelvisDistanceMean":1.266761064529419,"centroidPelvisDistanceStd":0.10558278113603592,"gaitSizeMax":1.3200504779815674,"gaitSizeMin":1.0287575721740723,"gaitSizeMean":1.115976095199585,"gaitSizeStd":0.44017159938812258,"headOrientationMax":179.84934997558595,"headOrientationMin":140.6414031982422,"headOrientationMean":153.48324584960938,"decelerationPeaksNo":0.0,"hipVelocityMax":Infinity,"hipVelocityMin":0.7098705768585205,"hipVelocityStd":3.704055070877075,"handsVelocityMax":Infinity,"handsVelocityMin":48.952701568603519,"handsVelocityStd":15.683801651000977,"feetVelocityMax":Infinity,"feetVelocityMin":1.6269608736038209,"feetVelocityStd":5.225814342498779,"hipAccelerationMax":Infinity,"hipAccelerationStd":263.20379638671877,"handsAccelerationMax":Infinity,"handsAccelerationStd":966.7413940429688,"feetAccelerationMax":Infinity,"feetAccelerationStd":353.45892333984377,"jerkAccelerationMax":Infinity,"jerkAccelerationStd":20616.9453125,"volumeMax":0.1917877346277237,"volumeMin":0.17731541395187379,"volumeMean":0.1844291090965271,"volumeStd":0.06771989911794663,"volumeUpperBodyMax":0.07012659311294556,"volumeUpperBodyMin":0.04419959336519241,"volumeUpperBodyMean":0.06392517685890198,"volumeUpperBodyStd":0.02657550387084484,"volumeLowerBodyMax":0.0,"volumeLowerBodyMin":0.0,"volumeLowerBodyMean":0.0,"volumeLowerBodyStd":0.0,"volumeLeftSideMax":0.09398691356182099,"volumeLeftSideMin":0.04656324163079262,"volumeLeftSideMean":0.07642990350723267,"volumeLeftSideStd":0.029395481571555139,"volumeRightSideMax":0.08376705646514893,"volumeRightSideMin":0.05279985070228577,"volumeRightSideMean":0.06269577145576477,"volumeRightSideStd":0.02860444411635399,"torsoHeightMax":0.9804219007492065,"torsoHeightMin":0.980262041091919,"torsoHeightMean":0.9803184270858765,"torsoHeightStd":0.02455492503941059,"handsLevelNo1":35.0,"handsLevelNo2":70.0,"handsLevelNo3":69.0,"totalDistanceNo":1.103858470916748,"totalAreaNo":0.0},"Users":[{"photoName":"userPhoto4","name":"Andreas Andreou","email":"andandreou.cs@gmail.com","dateOfBirth":"10/06/1991","sex":0,"expirience":0,"country":"Cyprus","history":[{"danceName":"DjiboutiBeginner1","chorographyExperience":0,"motionWordResultData":[47.435665130615237,54.814697265625,71.71139526367188,64.24565124511719,54.71723175048828,61.15827178955078,54.71487045288086,68.78099822998047,83.6873779296875,79.8785171508789,73.7138442993164,61.05658721923828,63.540855407714847,54.104339599609378,58.94947814941406,56.792579650878909,73.85343933105469,52.91140365600586,65.97450256347656,70.29182434082031,65.95599365234375,53.5561408996582,72.34101867675781,62.630615234375,65.0374755859375,68.57872772216797,68.7553482055664,72.10037231445313,65.74493408203125,57.29443359375,71.00867462158203,65.31407165527344,72.94233703613281,61.526756286621097],"styleWordResultData":[6.567173480987549,5.712449550628662,6.26657247543335,6.434261322021484,6.456468105316162,7.77454137802124,10.150811195373536,7.858584880828857,6.4256463050842289,4.746551036834717,7.427513122558594,8.329983711242676,9.585990905761719,9.429647445678711,5.703862190246582,10.280468940734864,8.739456176757813,5.549483776092529,8.347735404968262,10.51552677154541,9.450828552246094,8.6903657913208,6.589826583862305,8.405315399169922,9.594399452209473,6.834855556488037,11.519163131713868,12.436643600463868,11.139586448669434,7.688182353973389,6.127920627593994,8.552088737487793,7.286618709564209,8.351871490478516]}]}]}